id,time,P_Servers,P_Switches,E_All
1,0,2673.1,541.8599999999999,3214.96
2,7,3156.4999999999995,544.4399999999998,3700.9399999999996
3,112,2673.1,458.58000000000004,3131.68
